Issuer_Name,Name,Category,Rewards_rate,Welcome_Bonus,Annual_Fee,Recommended_Credit_Score,Pros,Cons,Image_URL
Discover,w,Travel,w,0,0,Bad (0-649),w,w,w
Discover,,Travel,,0,0,Bad (0-649),,,
Discover,,Travel,,0,0,Bad (0-649),,,
Discover,,Travel,,0,0,Bad (0-649),,,
Discover,,Travel,,0,0,Bad (0-649),,,
Discover,,Travel,,0,0,Bad (0-649),,,
Discover,,Travel,,0,0,Bad (0-649),,,
Discover,,Travel,,0,0,Bad (0-649),,,
Discover,,Travel,,0,0,Bad (0-649),,,
Discover,,Travel,,0,0,Bad (0-649),,,
Discover,,Travel,,0,0,Bad (0-649),,,
Discover,,Travel,,0,0,Bad (0-649),,,
Discover,,Travel,,0,0,Bad (0-649),,,
